編號,答案,類近題目
23810901,"第 2 課 第 1 題
Chapter 2 Question 1
📌 參考答案
A. 水具有極高的比熱容量
A. Water has a high specific heat capacity
📌 詳細解釋
題目問及水如何幫助生物維持體溫穩定。
The question asks how water helps organisms maintain a stable body temperature.
水具有極高的比熱容量，需要吸收或流失大量熱能才能改變溫度。
Water has a high specific heat capacity, meaning it requires a large amount of heat loss or gain to change its temperature.
這特性使生物體內的溫度不易受外在環境劇烈變化影響。
This property makes the internal temperature of organisms less susceptible to drastic changes in the external environment.
其他選項分析：
Analysis of other options:
B. 水是良好溶劑與維持體溫無直接關係。
B. Water being a good solvent is not directly related to maintaining body temperature.
C. 水的密度變化主要影響冰的浮力，而非體溫調節。
C. Changes in water density mainly affect the buoyancy of ice, not thermoregulation.
📌 考試提醒
比熱容量 (Specific heat capacity)：提升一公斤物質一度所需的能量。
Specific heat capacity: The energy required to raise the temperature of one kilogram of a substance by one degree Celsius.
常見錯誤：學生常混淆比熱容量與潛熱，潛熱是指狀態改變時（如出汗蒸發）吸收的熱量。
Common trap: Students often confuse specific heat capacity with latent heat; latent heat refers to the heat absorbed during a change of state (e.g., evaporation of sweat).
📌 改正試一試
水的高比熱容量有助緩衝體溫變化。
The high specific heat capacity of water helps buffer body temperature changes.",
23810902,"第 2 課 第 2 題
Chapter 2 Question 2
📌 參考答案
C. 所有單糖和部分雙糖都是還原糖
C. All monosaccharides and some disaccharides are reducing sugars
📌 詳細解釋
題目問及本立德測試的陽性結果代表什麼。
The question asks what a positive result in Benedict's test represents.
本立德測試用於檢測還原糖的存在，所有單糖及部分雙糖均為還原糖。
Benedict's test is used to detect the presence of reducing sugars; all monosaccharides and some disaccharides are reducing sugars.
蔗糖是雙糖，但它不是還原糖，因此不會產生磚紅色沉澱物。
Sucrose is a disaccharide, but it is not a reducing sugar, so it will not produce a brick-red precipitate.
其他選項分析：
Analysis of other options:
A. 澱粉是多糖，不能用本立德測試檢測。
A. Starch is a polysaccharide and cannot be tested with Benedict's test.
B. 蔗糖是非還原糖，測試結果會保持藍色。
B. Sucrose is a non-reducing sugar, and the test result will remain blue.
📌 考試提醒
本立德測試 (Benedict's test)：與還原糖共熱會產生磚紅色沉澱物。
Benedict's test: Boiling with reducing sugars produces a brick-red precipitate.
常見錯誤：學生常忘記進行本立德測試時必須用水浴加熱。
Common trap: Students often forget that heating in a water bath is strictly required for Benedict's test.
📌 改正試一試
蔗糖是唯一不屬於還原糖的常見雙糖。
Sucrose is the only common disaccharide that is not a reducing sugar.",
23810903,"第 2 課 第 3 題
Chapter 2 Question 3
📌 參考答案
B. 高溫會改變蛋白質的立體結構
B. High temperature alters the three-dimensional structure of proteins
📌 詳細解釋
題目問及為何酶在極高溫下會失去活性。
The question asks why enzymes lose their activity at extremely high temperatures.
酶主要是蛋白質，高溫會破壞維持其結構的化學鍵。
Enzymes are mainly proteins, and high temperatures break the chemical bonds maintaining their structure.
這導致酶的活性部位形狀改變，無法與受質結合，這過程稱為變性。
This causes the shape of the active site to change, preventing it from binding to the substrate, a process called denaturation.
其他選項分析：
Analysis of other options:
A. 酶不會被高溫直接分解成氨基酸。
A. Enzymes are not directly broken down into amino acids by high temperatures.
C. 低溫才會降低分子動能，高溫反而會增加動能直至變性。
C. Low temperatures reduce molecular kinetic energy, while high temperatures increase it until denaturation occurs.
📌 考試提醒
變性作用 (Denaturation)：蛋白質因極端溫度或酸鹼值而永久失去特定的立體結構。
Denaturation: Proteins permanently lose their specific three-dimensional structure due to extreme temperatures or pH.
常見錯誤：學生常寫高溫「殺死」了酶，緊記酶是化學物質，沒有生命。
Common trap: Students often write that high temperature ""kills"" enzymes; remember enzymes are chemical substances without life.
📌 改正試一試
酶在極高溫下會變性，其活性部位形狀永久改變，並非被殺死。
Enzymes denature at extremely high temperatures, permanently changing their active site shape, rather than being killed.",
23810904,"第 2 課 第 4 題
Chapter 2 Question 4
📌 參考答案
D. 甘油三酯由一個甘油分子和三個脂肪酸分子組成
D. A triglyceride is composed of one glycerol molecule and three fatty acid molecules
📌 詳細解釋
題目要求選出關於脂質結構的正確描述。
The question asks to select the correct description regarding the structure of lipids.
甘油三酯是最常見的脂質，其結構是三個脂肪酸分子與一個甘油分子結合。
Triglycerides are the most common lipids, structured by three fatty acid molecules bonding to one glycerol molecule.
這過程屬於縮合反應，會釋出三個水分子。
This process is a condensation reaction that releases three water molecules.
其他選項分析：
Analysis of other options:
A. 磷脂含有一個磷酸鹽基團，而非三個。
A. Phospholipids contain one phosphate group, not three.
B. 脂質不溶於水，但溶於有機溶劑。
B. Lipids are insoluble in water but soluble in organic solvents.
📌 考試提醒
縮合作用 (Condensation)：小分子結合成大分子並釋出水分子的化學反應。
Condensation: A chemical reaction where small molecules join to form a large molecule with the release of water molecules.
常見錯誤：學生常忘記合成一個甘油三酯分子會釋出三個水分子，而非一個。
Common trap: Students often forget that synthesizing one triglyceride molecule releases three water molecules, not one.
📌 改正試一試
甘油三酯的合成需要三個脂肪酸參與，並釋出三個水分子。
The synthesis of a triglyceride requires three fatty acids and releases three water molecules.",
23810905,"第 2 課 第 5 題
Chapter 2 Question 5
📌 參考答案
C. DNA 含有胸腺嘧啶 (T)，而 RNA 含有尿嘧啶 (U)
C. DNA contains thymine (T), while RNA contains uracil (U)
📌 詳細解釋
題目問及 DNA 與 RNA 在含氮鹼基上的主要分別。
The question asks about the main difference in nitrogenous bases between DNA and RNA.
DNA 擁有腺嘌呤 (A)、胸腺嘧啶 (T)、胞嘧啶 (C) 和鳥嘌呤 (G)。
DNA has adenine (A), thymine (T), cytosine (C), and guanine (G).
RNA 則以尿嘧啶 (U) 取代了胸腺嘧啶 (T)。
RNA replaces thymine (T) with uracil (U).
其他選項分析：
Analysis of other options:
A. DNA 是雙螺旋結構，RNA 通常是單鏈。
A. DNA is a double helix, while RNA is usually single-stranded.
B. DNA 的五碳糖是脫氧核糖，RNA 是核糖。
B. The pentose sugar in DNA is deoxyribose, while in RNA it is ribose.
📌 考試提醒
核苷酸 (Nucleotide)：核酸的基本單位，由五碳糖、磷酸鹽和含氮鹼基組成。
Nucleotide: The basic unit of nucleic acids, consisting of a pentose sugar, a phosphate group, and a nitrogenous base.
常見錯誤：學生常將核糖與脫氧核糖混淆，忽略了 DNA 缺少一個氧原子。
Common trap: Students often confuse ribose with deoxyribose, ignoring that DNA lacks one oxygen atom.
📌 改正試一試
RNA 中沒有胸腺嘧啶 (T)，而是由尿嘧啶 (U) 替代。
There is no thymine (T) in RNA; it is replaced by uracil (U).",
23810906,"第 2 課 第 6 題
Chapter 2 Question 6
📌 參考答案
B. 提供膳食纖維以促進腸道蠕動
B. Providing dietary fibre to promote intestinal peristalsis
📌 詳細解釋
題目問及纖維素在人體飲食中的主要功能。
The question asks about the main function of cellulose in the human diet.
人類缺乏分解纖維素的酶，因此它不能被消化吸收。
Humans lack the enzyme to break down cellulose, so it cannot be digested and absorbed.
但纖維素能增加糞便體積，刺激腸壁蠕動，預防便秘。
However, cellulose increases faecal bulk, stimulating intestinal peristalsis and preventing constipation.
其他選項分析：
Analysis of other options:
A. 纖維素不能在人體內轉化為葡萄糖提供能量。
A. Cellulose cannot be converted into glucose in the human body to provide energy.
C. 儲存能量是糖原和脂肪的功能。
C. Storing energy is the function of glycogen and fats.
📌 考試提醒
膳食纖維 (Dietary fibre)：植物細胞壁的主要成分（纖維素），人體無法消化。
Dietary fibre: The main component of plant cell walls (cellulose), which cannot be digested by the human body.
常見錯誤：學生誤以為纖維素可以被消化並提供微量能量。
Common trap: Students mistakenly believe that cellulose can be digested and provide a trace amount of energy.
📌 改正試一試
人類不能消化纖維素，其唯一作用是作為膳食纖維預防便秘。
Humans cannot digest cellulose; its sole purpose is to act as dietary fibre to prevent constipation.",
23810907,"第 2 課 第 7 題
Chapter 2 Question 7
📌 參考答案
A. 使 DCPIP 溶液褪色
A. Decolourising the DCPIP solution
📌 詳細解釋
題目問及維生素 C 的化學測試結果。
The question asks about the chemical test result for vitamin C.
維生素 C 是一種強還原劑，能將藍色的 DCPIP 溶液還原。
Vitamin C is a strong reducing agent that can reduce the blue DCPIP solution.
當加入足夠的維生素 C 時，DCPIP 會從藍色變成無色。
When enough vitamin C is added, DCPIP changes from blue to colourless.
其他選項分析：
Analysis of other options:
B. 產生磚紅色沉澱物是還原糖的本立德測試。
B. Producing a brick-red precipitate is the Benedict's test for reducing sugars.
C. 變成藍黑色是澱粉的碘液測試。
C. Turning blue-black is the iodine test for starch.
📌 考試提醒
DCPIP 測試 (DCPIP test)：用於檢測維生素 C，陽性結果為溶液褪色。
DCPIP test: Used to detect vitamin C; a positive result is the decolourisation of the solution.
常見錯誤：學生常把測試劑滴加的順序弄錯，應該是將維生素 C 逐滴加入 DCPIP 中。
Common trap: Students often get the order of dropping wrong; vitamin C should be added drop by drop into DCPIP.
📌 改正試一試
維生素 C 能使藍色的 DCPIP 溶液褪為無色。
Vitamin C can decolourise the blue DCPIP solution to colourless.",
23810908,"第 2 課 第 8 題
Chapter 2 Question 8
📌 參考答案
D. 鐵質是製造血紅蛋白的重要元素
D. Iron is an essential element for manufacturing haemoglobin
📌 詳細解釋
題目問及缺乏鐵質會導致貧血的原因。
The question asks the reason why iron deficiency leads to anaemia.
紅血球中的血紅蛋白負責攜帶氧氣。
Haemoglobin in red blood cells is responsible for carrying oxygen.
鐵質是構成血紅蛋白的核心元素，缺鐵會降低攜氧能力，導致貧血。
Iron is the core element forming haemoglobin; iron deficiency reduces oxygen-carrying capacity, leading to anaemia.
其他選項分析：
Analysis of other options:
A. 鈣質才是維持骨骼健康的元素。
A. Calcium is the element for maintaining bone health.
B. 鐵質不參與肌肉收縮的神經傳導。
B. Iron is not involved in nerve transmission for muscle contraction.
📌 考試提醒
貧血 (Anaemia)：因缺乏鐵質或紅血球不足導致血液攜氧能力下降的疾病。
Anaemia: A disease where the blood's oxygen-carrying capacity decreases due to iron deficiency or insufficient red blood cells.
常見錯誤：學生常以為貧血是因為缺乏白血球，其實是紅血球內的血紅蛋白不足。
Common trap: Students often think anaemia is due to a lack of white blood cells; it is actually insufficient haemoglobin in red blood cells.
📌 改正試一試
缺乏鐵質會阻礙血紅蛋白的合成，直接導致貧血。
Lack of iron hinders the synthesis of haemoglobin, directly leading to anaemia.",
23810909,"第 2 課 第 9 題
Chapter 2 Question 9
📌 參考答案
C. 維生素 D 促進腸道吸收鈣質
C. Vitamin D promotes the absorption of calcium in the intestines
📌 詳細解釋
題目問及維生素 D 與骨骼健康的關係。
The question asks about the relationship between vitamin D and bone health.
維生素 D 的主要功能是促進小腸對鈣質和磷質的吸收。
The main function of vitamin D is to promote the absorption of calcium and phosphorus in the small intestine.
缺乏維生素 D 會導致鈣質吸收不足，兒童會患上佝僂病。
Deficiency in vitamin D leads to insufficient calcium absorption, causing rickets in children.
其他選項分析：
Analysis of other options:
A. 維生素 D 本身不直接構成骨骼。
A. Vitamin D itself does not directly form bones.
B. 維生素 C 才是製造結締組織（膠原蛋白）的關鍵。
B. Vitamin C is the key to manufacturing connective tissues (collagen).
📌 考試提醒
佝僂病 (Rickets)：兒童因缺乏維生素 D 或鈣質導致骨骼變軟及彎曲。
Rickets: A condition in children where bones become soft and bend due to a lack of vitamin D or calcium.
常見錯誤：學生常以為多喝牛奶就能防止佝僂病，忽略了必須有維生素 D 才能吸收鈣。
Common trap: Students often think drinking more milk alone prevents rickets, ignoring that vitamin D is essential for calcium absorption.
📌 改正試一試
人體需要維生素 D 才能有效在腸道中吸收鈣質。
The human body requires vitamin D to effectively absorb calcium in the intestines.",
23810910,"第 2 課 第 10 題
Chapter 2 Question 10
📌 參考答案
B. 維生素 A
B. Vitamin A
📌 詳細解釋
題目問及缺乏哪種維生素會導致夜盲症。
The question asks deficiency of which vitamin causes night blindness.
維生素 A 是製造視網膜感光細胞中視紫紅質的重要原料。
Vitamin A is an essential raw material for producing rhodopsin in the photoreceptor cells of the retina.
缺乏維生素 A 會導致在昏暗環境下視力受損，即夜盲症。
Deficiency of vitamin A leads to impaired vision in dim light, known as night blindness.
其他選項分析：
Analysis of other options:
A. 缺乏維生素 B 通常導致腳氣病或貧血。
A. Vitamin B deficiency usually leads to beriberi or anaemia.
C. 缺乏維生素 C 會導致壞血病。
C. Vitamin C deficiency leads to scurvy.
📌 考試提醒
夜盲症 (Night blindness)：因缺乏維生素 A 導致在弱光下無法看清事物的症狀。
Night blindness: A condition where one cannot see clearly in dim light due to vitamin A deficiency.
常見錯誤：學生常將夜盲症與色盲混淆，色盲是遺傳病，夜盲症是營養不良。
Common trap: Students often confuse night blindness with colour blindness; colour blindness is genetic, while night blindness is nutritional.
📌 改正試一試
胡蘿蔔中的胡蘿蔔素可轉化為維生素 A，有助預防夜盲症。
Carotene in carrots can be converted into vitamin A, helping to prevent night blindness.",
23810911,"第 2 課 第 11 題
Chapter 2 Question 11
📌 參考答案
D. 氨基酸透過肽鍵連接
D. Amino acids are linked by peptide bonds
📌 詳細解釋
題目問及蛋白質的一級結構特徵。
The question asks about the characteristics of the primary structure of proteins.
蛋白質是由多個氨基酸分子透過縮合反應連接而成。
Proteins are formed by multiple amino acid molecules linked together through condensation reactions.
氨基酸之間形成的化學鍵特定稱為肽鍵。
The chemical bond formed between amino acids is specifically called a peptide bond.
其他選項分析：
Analysis of other options:
A. 糖苷鍵是連接單糖分子的化學鍵。
A. Glycosidic bonds are the chemical bonds linking monosaccharide molecules.
B. 酯鍵是連接甘油和脂肪酸的化學鍵。
B. Ester bonds are the chemical bonds linking glycerol and fatty acids.
📌 考試提醒
肽鍵 (Peptide bond)：連接兩個氨基酸的化學鍵，形成過程中會釋出水分子。
Peptide bond: The chemical bond linking two amino acids, releasing a water molecule during its formation.
常見錯誤：學生常把所有大分子的連接鍵都稱為共價鍵，在生物科必須指出特定的鍵名稱。
Common trap: Students often call all large molecule bonds covalent bonds; in biology, the specific bond name must be stated.
📌 改正試一試
構成蛋白質的氨基酸是透過肽鍵相連的。
Amino acids constituting proteins are linked by peptide bonds.",
23810912,"第 2 課 第 12 題
Chapter 2 Question 12
📌 參考答案
A. 澱粉是植物的主要儲存碳水化合物
A. Starch is the main storage carbohydrate in plants
📌 詳細解釋
題目問及動植物儲存能量的物質差異。
The question asks about the difference in energy storage substances between plants and animals.
植物透過光合作用製造葡萄糖，並將過剩的葡萄糖轉化為澱粉儲存。
Plants produce glucose through photosynthesis and convert excess glucose into starch for storage.
動物則將過剩的碳水化合物轉化為糖原，儲存在肝臟和肌肉中。
Animals convert excess carbohydrates into glycogen, stored in the liver and muscles.
其他選項分析：
Analysis of other options:
B. 糖原是動物的儲存物質，不是植物的。
B. Glycogen is the storage substance in animals, not plants.
C. 纖維素是植物細胞壁的結構成分，不是儲存能量的物質。
C. Cellulose is a structural component of plant cell walls, not an energy storage substance.
📌 考試提醒
糖原 (Glycogen)：動物體內儲存碳水化合物的主要形式，高度分支。
Glycogen: The main form of carbohydrate storage in animals, highly branched.
常見錯誤：學生常以為植物也可以儲存糖原，緊記糖原只存在於動物和真菌中。
Common trap: Students often think plants can also store glycogen; remember glycogen only exists in animals and fungi.
📌 改正試一試
植物儲存澱粉，動物儲存糖原，兩者皆是不溶於水的多糖。
Plants store starch and animals store glycogen; both are water-insoluble polysaccharides.",
23810913,"第 2 課 第 13 題
Chapter 2 Question 13
📌 參考答案
C. 蛋白質
C. Proteins
📌 詳細解釋
題目問及哪種食物分子含有氮元素。
The question asks which food molecule contains the element nitrogen.
所有碳水化合物和脂質都只含有碳 (C)、氫 (H) 和氧 (O)。
All carbohydrates and lipids contain only carbon (C), hydrogen (H), and oxygen (O).
蛋白質除了含有 C、H、O 外，還必定含有氮 (N)，部分更含有硫 (S)。
Besides C, H, and O, proteins must also contain nitrogen (N), and some even contain sulphur (S).
其他選項分析：
Analysis of other options:
A. 葡萄糖是碳水化合物，沒有氮。
A. Glucose is a carbohydrate and has no nitrogen.
B. 甘油三酯是脂質，沒有氮。
B. Triglycerides are lipids and have no nitrogen.
📌 考試提醒
氨基酸結構 (Amino acid structure)：包含一個氨基 (-NH2) 和一個羧基 (-COOH)。
Amino acid structure: Contains an amino group (-NH2) and a carboxyl group (-COOH).
常見錯誤：學生常忘記氮是蛋白質獨有的基本元素（相對於糖和脂質）。
Common trap: Students often forget that nitrogen is a fundamental element unique to proteins (compared to sugars and lipids).
📌 改正試一試
若食物樣本中驗出大量氮元素，代表其含有豐富蛋白質。
If a large amount of nitrogen is detected in a food sample, it indicates it is rich in protein.",
23810914,"第 2 課 第 14 題
Chapter 2 Question 14
📌 參考答案
B. 油斑測試
B. Spot test
📌 詳細解釋
題目問及哪項測試用於檢驗脂質的存在。
The question asks which test is used to examine the presence of lipids.
油斑測試是檢驗脂質的標準方法。
The spot test is the standard method for testing lipids.
若樣本含有脂質，會在濾紙上留下一個半透明的油斑。
If the sample contains lipids, it will leave a translucent spot on the filter paper.
其他選項分析：
Analysis of other options:
A. 尿糖試紙用於檢驗葡萄糖。
A. Clinistix paper is used to test for glucose.
C. 尿蛋白試紙用於檢驗蛋白質。
C. Albustix paper is used to test for proteins.
📌 考試提醒
半透明斑點 (Translucent spot)：脂質測試呈陽性的結果，且斑點不會乾透消失。
Translucent spot: The positive result for the lipid test, and the spot will not disappear after drying.
常見錯誤：學生常寫下「透明」斑點，必須準確使用「半透明」(translucent) 一詞。
Common trap: Students often write ""transparent"" spot; the word ""translucent"" must be used accurately.
📌 改正試一試
脂質會在濾紙上留下半透明的斑點，即使加熱也不會消失。
Lipids leave a translucent spot on filter paper that does not disappear even when heated.",
23810915,"第 2 課 第 15 題
Chapter 2 Question 15
📌 參考答案
D. 壞血病
D. Scurvy
📌 詳細解釋
題目問及缺乏維生素 C 的典型缺乏症。
The question asks about the typical deficiency disease of vitamin C.
維生素 C 對於維持健康的牙齦和傷口癒合至關重要。
Vitamin C is crucial for maintaining healthy gums and wound healing.
長期缺乏會導致微絲血管脆弱，牙齦出血，這稱為壞血病。
Long-term deficiency leads to fragile capillaries and bleeding gums, known as scurvy.
其他選項分析：
Analysis of other options:
A. 佝僂病是缺乏維生素 D 引起。
A. Rickets is caused by vitamin D deficiency.
B. 貧血是缺乏鐵質引起。
B. Anaemia is caused by iron deficiency.
📌 考試提醒
壞血病 (Scurvy)：因缺乏維生素 C 導致牙齦出血和傷口難以癒合的疾病。
Scurvy: A disease causing bleeding gums and poor wound healing due to vitamin C deficiency.
常見錯誤：學生常把壞血病與貧血混淆，壞血病是血管脆弱出血，貧血是血紅蛋白不足。
Common trap: Students often confuse scurvy with anaemia; scurvy involves fragile bleeding vessels, while anaemia is insufficient haemoglobin.
📌 改正試一試
多吃新鮮柑橘類水果可補充維生素 C，有效預防壞血病。
Eating more fresh citrus fruits replenishes vitamin C and effectively prevents scurvy.",
23810916,"第 2 課 第 16 題
Chapter 2 Question 16
📌 參考答案
D. 纖維素
D. Cellulose
📌 詳細解釋
題目問及以下哪種碳水化合物不溶於水。
The question asks which of the following carbohydrates is insoluble in water.
纖維素是一種多糖，其巨大的分子結構和缺乏極性使其不溶於水。
Cellulose is a polysaccharide, and its massive molecular structure and lack of polarity make it insoluble in water.
其他選項分析：
Analysis of other options:
A、B 和 C 的果糖、蔗糖及麥芽糖均為單糖或雙糖，分子較小且具有親水性，易溶於水。
Fructose, sucrose, and maltose in A, B, and C are monosaccharides or disaccharides, which are smaller molecules, hydrophilic, and easily soluble in water.
📌 考試提醒
多糖 (Polysaccharide)：由大量單糖聚合而成的大分子，通常不溶於水或只微溶於水。
Polysaccharide: A large molecule polymerized from numerous monosaccharides, usually insoluble or only slightly soluble in water.
常見錯誤：學生常以為所有碳水化合物都能溶於水，忽略了多糖作為結構或儲存物質的非水溶性特徵。
Common trap: Students often think all carbohydrates are water-soluble, ignoring the insoluble nature of polysaccharides as structural or storage materials.
📌 改正試一試
纖維素是構成植物細胞壁的多糖，不溶於水。
Cellulose is a polysaccharide that makes up plant cell walls and is insoluble in water.",
23810917,"第 2 課 第 17 題
Chapter 2 Question 17
📌 參考答案
C. 2 : 1
C. 2 : 1
📌 詳細解釋
題目問及半乳糖分子中氫原子和氧原子的比例。
The question asks for the ratio of hydrogen atoms to oxygen atoms in a galactose molecule.
半乳糖是一種單糖（六碳糖），化學式為 C6H12O6。
Galactose is a monosaccharide (hexose) with the chemical formula C6H12O6.
因此其氫與氧的原子數量比例必定是 12:6，即 2:1。
Therefore, its ratio of hydrogen to oxygen atoms must be 12:6, which is 2:1.
其他選項分析：
Analysis of other options:
所有常見碳水化合物（單糖和雙糖）的氫氧比例均為 2:1，與水分子相同，故其他比例皆錯誤。
All common carbohydrates (monosaccharides and disaccharides) have a hydrogen-to-oxygen ratio of 2:1, identical to water molecules, so other ratios are incorrect.
📌 考試提醒
碳水化合物通式 (General formula of carbohydrates)：通常可寫成 Cx(H2O)y，顯示氫和氧的比例為 2:1。
General formula of carbohydrates: Usually written as Cx(H2O)y, showing the ratio of hydrogen to oxygen is 2:1.
常見錯誤：學生可能忘記半乳糖與葡萄糖是同分異構體，擁有相同的化學式和原子比例。
Common trap: Students may forget that galactose and glucose are isomers, possessing the same chemical formula and atomic ratio.
📌 改正試一試
半乳糖是碳水化合物，其氫和氧的原子比例與水一樣是 2:1。
Galactose is a carbohydrate, and its ratio of hydrogen to oxygen atoms is 2:1, just like water.",
23810918,"第 2 課 第 18 題
Chapter 2 Question 18
📌 參考答案
D. 蔗糖
D. Sucrose
📌 詳細解釋
題目問及哪種糖在本立德試驗中不會呈陽性反應。
The question asks which sugar will not show a positive result in Benedict's test.
本立德試驗用於檢測還原糖的存在。
Benedict's test is used to detect the presence of reducing sugars.
蔗糖是非還原糖，因此不會與本立德試劑反應產生磚紅色沉澱物。
Sucrose is a non-reducing sugar, so it will not react with Benedict's reagent to produce a brick-red precipitate.
其他選項分析：
Analysis of other options:
A、B 和 C 的葡萄糖、果糖和半乳糖都是單糖，所有單糖皆為還原糖，會呈陽性反應。
Glucose, fructose, and galactose in A, B, and C are monosaccharides; all monosaccharides are reducing sugars and will show positive results.
📌 考試提醒
非還原糖 (Non-reducing sugar)：不能還原本立德試劑的糖，最常見的例子是蔗糖。
Non-reducing sugar: A sugar that cannot reduce Benedict's reagent; the most common example is sucrose.
常見錯誤：學生常把蔗糖與麥芽糖混淆，麥芽糖是雙糖但屬於還原糖，而蔗糖則是雙糖中的非還原糖。
Common trap: Students often confuse sucrose with maltose; maltose is a disaccharide but acts as a reducing sugar, whereas sucrose is a non-reducing disaccharide.
📌 改正試一試
蔗糖是非還原糖，不能令本立德試劑產生磚紅色沉澱物。
Sucrose is a non-reducing sugar and cannot produce a brick-red precipitate with Benedict's reagent.",
23810919,"第 2 課 第 19 題
Chapter 2 Question 19
📌 參考答案
D. (1)、(2) 和 (3)
D. (1), (2) and (3)
📌 詳細解釋
題目問及脂質在生物體內的功能。
The question asks about the functions of lipids in organisms.
磷脂是構成細胞膜雙層結構的主要成分。
Phospholipids are the main components forming the bilayer structure of cell membranes.
脂質（如油）儲存在植物種子中作為能量儲備，而皮下脂肪在哺乳動物中起隔熱作用，減少熱量散失。
Lipids (like oils) are stored in plant seeds as energy reserves, while subcutaneous fat provides thermal insulation in mammals to reduce heat loss.
因此，(1)、(2) 和 (3) 均是正確的功能描述。
Therefore, (1), (2), and (3) are all correct descriptions of functions.
📌 考試提醒
磷脂雙分子層 (Phospholipid bilayer)：構成所有細胞膜的基本結構。
Phospholipid bilayer: The basic structure that forms all cell membranes.
常見錯誤：學生常以為植物不會利用脂質儲存能量，實際上許多種子（如花生、葵花籽）富含油脂。
Common trap: Students often think plants do not use lipids for energy storage; in fact, many seeds (like peanuts, sunflower seeds) are rich in oils.
📌 改正試一試
脂質不僅能隔熱和構成細胞膜，也是動植物儲存能量的重要物質。
Lipids not only insulate heat and form cell membranes but are also important energy storage substances for plants and animals.",
23810920,"第 2 課 第 20 題
Chapter 2 Question 20
📌 參考答案
D. 膽固醇
D. Cholesterol
📌 詳細解釋
題目問及哪項不是磷脂分子的組成部分。
The question asks which is not a component of a phospholipid molecule.
磷脂分子由一個甘油分子、兩個脂肪酸分子及一個含有磷酸鹽的基團組成。
A phospholipid molecule is composed of one glycerol molecule, two fatty acid molecules, and a phosphate-containing group.
膽固醇雖然也是脂質，但它是另一種獨立的分子，並不構成磷脂。
Although cholesterol is also a lipid, it is a separate, independent molecule and does not make up phospholipids.
其他選項分析：
Analysis of other options:
A、B 和 C 皆為構成磷脂的基本化學組件。
A, B, and C are all basic chemical components that make up a phospholipid.
📌 考試提醒
磷脂結構 (Phospholipid structure)：包含親水的磷酸鹽頭部和疏水的脂肪酸尾部。
Phospholipid structure: Contains a hydrophilic phosphate head and hydrophobic fatty acid tails.
常見錯誤：學生常混淆甘油三酯和磷脂的結構，磷脂是用一個磷酸基團取代了第三個脂肪酸。
Common trap: Students often confuse the structures of triglycerides and phospholipids; a phospholipid has a phosphate group replacing the third fatty acid.
📌 改正試一試
磷脂分子是由甘油、脂肪酸和磷酸組成，並不包含膽固醇。
A phospholipid molecule is composed of glycerol, fatty acids, and phosphate, and does not contain cholesterol.",
23810921,"第 2 課 第 21 題
Chapter 2 Question 21
📌 參考答案
B. 只有 (1) 和 (3)
B. Only (1) and (3)
📌 詳細解釋
題目要求選出屬於有機物質的選項。
The question asks to select the options that are organic substances.
有機物質通常是含有碳-氫 (C-H) 鍵的複雜化合物，由生物體製造。
Organic substances are usually complex compounds containing carbon-hydrogen (C-H) bonds, produced by living organisms.
葡萄糖和血紅蛋白分別是碳水化合物和蛋白質，屬於有機物；而磷酸鈣是礦物質，屬於無機物。
Glucose and haemoglobin are carbohydrates and proteins respectively, which are organic; calcium phosphate is a mineral, which is inorganic.
其他選項分析：
Analysis of other options:
由於 (2) 磷酸鈣不含有機碳架構，包含 (2) 的選項 A、C 和 D 均錯誤。
Since (2) calcium phosphate lacks an organic carbon framework, options A, C, and D containing (2) are incorrect.
📌 考試提醒
有機物質 (Organic substances)：通常含有碳，並存在於生物體內的複雜分子（除二氧化碳、碳酸鹽等例外）。
Organic substances: Complex molecules usually containing carbon and found in living organisms (with exceptions like carbon dioxide, carbonates).
常見錯誤：學生常以為體內所有的構成物質都是有機的，忽略了骨骼和牙齒中的礦鹽（如磷酸鈣）是無機物。
Common trap: Students often think all structural substances in the body are organic, ignoring that mineral salts (like calcium phosphate) in bones and teeth are inorganic.
📌 改正試一試
磷酸鈣是構成骨骼的礦物質，屬於無機物質。
Calcium phosphate is a mineral that makes up bones and is an inorganic substance.",
23810922,"第 2 課 第 22 題
Chapter 2 Question 22
📌 參考答案
C. 二氧化碳
C. Carbon dioxide
📌 詳細解釋
題目問及以下哪種含碳物質屬於無機物。
The question asks which of the following carbon-containing substances is inorganic.
雖然二氧化碳含有碳，但其結構簡單，缺乏碳-氫鍵，在生物化學中被歸類為無機物。
Although carbon dioxide contains carbon, its structure is simple and lacks carbon-hydrogen bonds, so it is classified as inorganic in biochemistry.
其他選項分析：
Analysis of other options:
A 的腺嘌呤（含氮鹼基）、B 的丙糖磷酸（碳水化合物衍生物）及 D 的甘油三酯（脂質）皆是生物合成的複雜有機物。
Adenine in A (nitrogenous base), triose phosphate in B (carbohydrate derivative), and triglyceride in D (lipid) are all biologically synthesized complex organic substances.
📌 考試提醒
無機碳化合物 (Inorganic carbon compounds)：如二氧化碳、一氧化碳及碳酸鹽，雖含碳但不屬於有機物。
Inorganic carbon compounds: Such as carbon dioxide, carbon monoxide, and carbonates; they contain carbon but are not classified as organic.
常見錯誤：學生常死記「含碳就是有機」，而忘記二氧化碳是光合作用的無機原料。
Common trap: Students often memorize ""containing carbon means organic"" and forget that carbon dioxide is an inorganic raw material for photosynthesis.
📌 改正試一試
二氧化碳雖然含有碳元素，但它是一種簡單的無機分子。
Although carbon dioxide contains the element carbon, it is a simple inorganic molecule.",
23810923,"第 2 課 第 23 題
Chapter 2 Question 23
📌 參考答案
C. 只有 (2) 和 (3)
C. Only (2) and (3)
📌 詳細解釋
題目要求配對水的特性及其對應的生物學功能。
The question asks to match the properties of water with their corresponding biological functions.
水的高汽化比潛熱使其能在汗液蒸發時帶走大量熱能，作為冷卻劑；其較高的密度為水生生物提供浮力。
Water's high specific latent heat of vaporization allows it to remove a large amount of heat during sweat evaporation, acting as a coolant; its relatively high density provides buoyancy for aquatic organisms.
(1) 中水作為光合作用的反應物是其化學特性，與「良好的溶劑」這個物理特性無直接因果關係。
In (1), water acting as a reactant in photosynthesis is a chemical property, which has no direct causal relationship with its physical property of being a ""good solvent"".
其他選項分析：
Analysis of other options:
因為 (1) 的配對因果邏輯錯誤，包含 (1) 的選項 A、B 和 D 均不正確。
Because the causal logic in pair (1) is incorrect, options A, B, and D containing (1) are incorrect.
📌 考試提醒
汽化比潛熱 (Specific latent heat of vaporization)：液態轉化為氣態所需吸收的能量，水的高潛熱有助極效散熱。
Specific latent heat of vaporization: The energy required to change from liquid to gas; water's high latent heat helps in effective heat dissipation.
常見錯誤：學生常以為水的任何功能都能用「良好溶劑」來解釋，忽略了化學反應與溶劑特性的分別。
Common trap: Students often think any function of water can be explained by ""good solvent"", ignoring the difference between chemical reactions and solvent properties.
📌 改正試一試
水作為光合作用的反應物並非因為它是良好溶劑，而是其化學本質。
Water acts as a reactant in photosynthesis not because it is a good solvent, but due to its chemical nature.",
23810924,"第 2 課 第 24 題
Chapter 2 Question 24
📌 參考答案
D. 生物藉縮合反應合成大分子（例如多肽）時，反應中會使用水。
D. When organisms synthesize large molecules (e.g., polypeptides) by condensation, water is used in the reaction.
📌 詳細解釋
題目問及哪項不是水的功能。
The question asks which is not a function of water.
縮合反應是將小分子結合成分子的過程，這過程中會釋出水分子，而非使用（消耗）水分子。
Condensation is the process of joining small molecules into a larger one, during which water molecules are released, rather than used (consumed).
使用水來分解大分子的反應稱為水解作用。
The reaction that uses water to break down large molecules is called hydrolysis.
其他選項分析：
Analysis of other options:
A、B 和 C 分別正確描述了水提供膨脹度、作為運輸介質及作為冷卻劑的功能。
A, B, and C correctly describe water's functions in providing turgidity, acting as a transport medium, and acting as a coolant, respectively.
📌 考試提醒
水解作用 (Hydrolysis)：利用水分子來打斷化學鍵，將大分子分解為小分子的反應。
Hydrolysis: A reaction that uses water molecules to break chemical bonds, splitting large molecules into smaller ones.
常見錯誤：學生常把縮合反應和水解作用混淆，記錯水分子的去向。
Common trap: Students often confuse condensation and hydrolysis, misremembering the fate of the water molecule.
📌 改正試一試
縮合反應會釋出水分子，水解作用才需要使用水分子。
Condensation releases water molecules, whereas hydrolysis requires the use of water molecules.",
23810925,"第 2 課 第 25 題
Chapter 2 Question 25
📌 參考答案
A. 只有 (1) 和 (2)
A. Only (1) and (2)
📌 詳細解釋
題目問及植物細胞的哪些部分含有磷酸鹽。
The question asks which parts of a plant cell contain phosphate.
細胞核中的 DNA 由核苷酸組成，核苷酸含有磷酸基團。
DNA in the nucleus is made of nucleotides, which contain phosphate groups.
細胞膜主要由磷脂雙分子層組成，同樣含有磷酸基團。
The cell membrane is mainly composed of a phospholipid bilayer, which also contains phosphate groups.
(3) 細胞壁主要由纖維素構成，纖維素是碳水化合物，只含碳、氫、氧，沒有磷酸鹽。
(3) The cell wall is mainly made of cellulose, which is a carbohydrate containing only carbon, hydrogen, and oxygen, without phosphate.
📌 考試提醒
磷酸鹽分佈 (Distribution of phosphate)：主要存在於核酸 (DNA/RNA)、ATP 和磷脂中。
Distribution of phosphate: Mainly found in nucleic acids (DNA/RNA), ATP, and phospholipids.
常見錯誤：學生常以為細胞壁十分堅硬，必定含有礦物質如磷酸鹽，忘記了植物細胞壁純粹是多糖。
Common trap: Students often assume the cell wall is rigid and must contain minerals like phosphate, forgetting that the plant cell wall is purely polysaccharide.
📌 改正試一試
植物細胞壁由纖維素構成，並不含有磷酸鹽。
The plant cell wall is composed of cellulose and does not contain phosphate.",
23810926,"第 2 課 第 26 題
Chapter 2 Question 26
📌 參考答案
B. 糖原：肌肉內 / 脂肪組織：皮膚下
B. Glycogen: In muscles / Adipose tissue: Under the skin
📌 詳細解釋
題目問及糖原及脂肪組織在人體內儲藏的位置。
The question asks for the storage locations of glycogen and adipose tissue in the human body.
糖原主要儲存在肝臟和骨骼肌的細胞內，作為短期能量儲備。
Glycogen is primarily stored within the cells of the liver and skeletal muscles as a short-term energy reserve.
脂肪組織則主要分佈在皮膚下的皮下脂肪層，以及圍繞內臟提供保護。
Adipose tissue is mainly distributed in the subcutaneous fat layer under the skin and around internal organs for protection.
符合兩者正確位置的選項只有 B（肌肉內；皮膚下）。
The only option that matches correct locations for both is B (In muscles; Under the skin).
其他選項分析：
Analysis of other options:
C 選項錯在將脂肪組織的位置寫成「肌肉內」，脂肪細胞通常不大量聚集在肌肉纖維內。
Option C is wrong because it lists ""In muscles"" for adipose tissue; fat cells do not typically aggregate in large amounts within muscle fibres.
📌 考試提醒
能量儲備位置 (Locations of energy reserves)：糖原儲存於肝臟和肌肉；脂肪儲存於皮下和內臟周圍。
Locations of energy reserves: Glycogen is stored in the liver and muscles; fat is stored subcutaneously and around internal organs.
常見錯誤：學生常以為脂肪只存在於肚腩（內臟周圍），忽略了全身體表都有皮下脂肪組織。
Common trap: Students often think fat only exists in the belly (around internal organs), ignoring that subcutaneous adipose tissue covers the whole body surface.
📌 改正試一試
人體將糖原儲存在肝臟及肌肉，並將脂肪儲存在皮膚下及內臟周圍。
The human body stores glycogen in the liver and muscles, and stores fat under the skin and around internal organs.",
23810927,"第 2 課 第 27 題
Chapter 2 Question 27
📌 參考答案
C. 只有 (1) 和 (3)
C. Only (1) and (3)
📌 詳細解釋
題目要求選出含有氮元素的物質。
The question asks to select the substances that contain the element nitrogen.
抗體和血紅蛋白皆為蛋白質，而蛋白質由氨基酸組成，必定含有氨基（含氮）。
Antibodies and haemoglobin are both proteins, and proteins are made of amino acids, which must contain an amino group (containing nitrogen).
類固醇屬於脂質，只含有碳、氫、氧元素，不含氮。
Steroids are lipids, containing only carbon, hydrogen, and oxygen elements, without nitrogen.
其他選項分析：
Analysis of other options:
因為 (2) 類固醇不含氮，所有包含 (2) 的選項 B 和 D 均錯誤。
Since (2) steroids do not contain nitrogen, all options B and D containing (2) are incorrect.
📌 考試提醒
蛋白質元素 (Elements of proteins)：必定含有碳 (C)、氫 (H)、氧 (O) 和氮 (N)。
Elements of proteins: Must contain carbon (C), hydrogen (H), oxygen (O), and nitrogen (N).
常見錯誤：學生常忘記類固醇屬於脂質的一種，誤以為複雜的激素分子必定含有氮。
Common trap: Students often forget that steroids belong to a type of lipid, mistakenly believing that complex hormone molecules must contain nitrogen.
📌 改正試一試
類固醇是脂質，不含氮元素；抗體和酶是蛋白質，必定含氮。
Steroids are lipids and lack nitrogen; antibodies and enzymes are proteins and must contain nitrogen.",
23810928,"第 2 課 第 28 題
Chapter 2 Question 28
📌 參考答案
D. 蛋白質：抗體 / 脂質：油
D. Protein: Antibody / Lipid: Oil
📌 詳細解釋
題目要求選出蛋白質和脂質的正確例子組合。
The question asks to select the correct combination of examples for proteins and lipids.
抗體是由免疫系統製造的蛋白質分子，而油是在室溫下呈液態的脂質（甘油三酯）。
Antibodies are protein molecules produced by the immune system, and oils are lipids (triglycerides) that are liquid at room temperature.
其他選項分析：
Analysis of other options:
A. 胰島素是蛋白質，不是脂質。
A. Insulin is a protein, not a lipid.
B. 糖原是碳水化合物（多糖），不是脂質。
B. Glycogen is a carbohydrate (polysaccharide), not a lipid.
C. DNA 是核酸，不是蛋白質。
C. DNA is a nucleic acid, not a protein.
📌 考試提醒
常見蛋白質例子 (Common examples of proteins)：酶、抗體、部分激素（如胰島素）、血紅蛋白。
Common examples of proteins: Enzymes, antibodies, some hormones (e.g., insulin), haemoglobin.
常見錯誤：學生常以為所有的激素都是脂質（如性激素），忘記了胰島素是一種多肽（蛋白質）。
Common trap: Students often think all hormones are lipids (like sex hormones), forgetting that insulin is a polypeptide (protein).
📌 改正試一試
抗體是抵抗病原體的蛋白質，而植物油是典型的脂質。
Antibodies are proteins that fight pathogens, while plant oils are typical lipids.",
23810929,"第 2 課 第 29 題
Chapter 2 Question 29
📌 參考答案
C. 只有 (2) 和 (3)
C. Only (2) and (3)
📌 詳細解釋
題目問及關於蛋白質的正確陳述。
The question asks for the correct statements regarding proteins.
細胞膜的流體鑲嵌模型中，蛋白質鑲嵌在磷脂雙層中，原核及真核細胞皆如此。
In the fluid mosaic model of cell membranes, proteins are embedded in the phospholipid bilayer in both prokaryotic and eukaryotic cells.
酶主要由蛋白質構成，高溫會破壞其立體結構導致變性。
Enzymes are mainly composed of proteins, and high temperatures break their three-dimensional structures, causing denaturation.
(1) 錯誤，因為氨基酸之間是以「肽鍵」連結，而非氫鍵（氫鍵是維持蛋白質二級或三級結構的鍵）。
(1) is incorrect because amino acids are linked by ""peptide bonds"", not hydrogen bonds (hydrogen bonds maintain secondary or tertiary structures of proteins).
📌 考試提醒
肽鍵 (Peptide bond)：連接相鄰兩個氨基酸的強共價鍵，構成蛋白質的一級結構。
Peptide bond: The strong covalent bond linking two adjacent amino acids, forming the primary structure of proteins.
常見錯誤：學生常把肽鍵與氫鍵混淆，氫鍵相對較弱，容易被高溫破壞導致變性。
Common trap: Students often confuse peptide bonds with hydrogen bonds; hydrogen bonds are relatively weak and easily broken by high temperatures, leading to denaturation.
📌 改正試一試
氨基酸分子之間是透過肽鍵而非氫鍵連接成多肽鏈的。
Amino acid molecules are linked into a polypeptide chain by peptide bonds, not hydrogen bonds.",
23810930,"第 2 課 第 30 題
Chapter 2 Question 30
📌 參考答案
A. 14

📌 詳細解釋
題目問及完全水解一條由 15 個氨基酸組成的多肽需要多少個水分子。
The question asks how many water molecules are needed to completely hydrolyze a polypeptide consisting of 15 amino acids.
一條由 n 個氨基酸組成的直鏈多肽，其內部的肽鍵數量為 n-1。
A straight-chain polypeptide consisting of n amino acids has n-1 peptide bonds inside it.
要打斷 14 個肽鍵，每個肽鍵的水解作用都需要消耗 1 個水分子，故合共需要 14 個水分子。
To break 14 peptide bonds, each hydrolysis reaction consumes 1 water molecule, thus requiring 14 water molecules in total.
其他選項分析：
Analysis of other options:
B、C 和 D 的數值沒有正確應用「肽鍵數量 = 氨基酸數量 - 1」的公式。
The values in B, C, and D do not correctly apply the formula ""number of peptide bonds = number of amino acids - 1"".
📌 考試提醒
水解與水分子數量 (Hydrolysis and number of water molecules)：水解多肽所需的水分子數量等於其擁有的肽鍵數量。
Hydrolysis and number of water molecules: The number of water molecules required to hydrolyze a polypeptide equals the number of its peptide bonds.
常見錯誤：學生常以為需要的水分子數量與氨基酸數量相等，忘記了首尾兩個氨基酸末端並不相連。
Common trap: Students often think the number of water molecules needed equals the number of amino acids, forgetting that the two ends are not connected.
📌 改正試一試
分解 15 個氨基酸組成的多肽，只需打斷中間的 14 個肽鍵，消耗 14 個水分子。
Breaking down a 15-amino acid polypeptide only requires breaking the 14 peptide bonds in between, consuming 14 water molecules.",